name,owner,address,phone,product_id
Hoosier Pass Ipomopsis,Anett Houldcroft,52 Scofield Drive,83,7
Argyle Apple,Stephen Bjorkan,664 Mosinee Circle,67,1
Sonoran Indian Mallow,Ludovika Banghe,5 Truax Terrace,5,5
Eggyolk Lichen,Georg De Avenell,57 Golf View Parkway,48,9
Palapalai,Mady MacKall,9 Crownhardt Place,67,4
Carolina Rose,Tiler Wolfenden,9 Twin Pines Terrace,57,5
Chestnut Rush,Dominga Rodie,4 Hagan Pass,29,7
Brandegee's Clover,Cyrillus Olivetta,74 Pankratz Terrace,61,1
Charlock Mustard,Hestia Yurukhin,6736 Milwaukee Parkway,20,3
Yellowtuft,Melodie Goodreid,682 Ridge Oak Avenue,19,9
Lyrate Rockcress,Finlay Mewitt,1024 Grayhawk Pass,75,10
Bedding Conehead,Dilan Snowdon,866 Jay Alley,28,3
Iris,Bernadina Schowenburg,79605 Sachs Street,6,7
Sasak's Snow Lichen,Weidar Rosi,10665 Rieder Way,17,2
Bristlecone Pine,Andi Arguile,04 Mayer Junction,56,10
Geyer's Oniongrass,Sonnie While,0894 Prentice Avenue,55,9
Beardlip Penstemon,Orelle Fergie,87196 Paget Road,81,7
Leathery Colicwood,Case Sturton,198 Mcguire Crossing,71,6
Pinto Peanut,Hermann Anster,0141 Jenifer Hill,8,8
Brittlebush,Merry Brydone,23554 Cardinal Trail,67,1
Red Hoarypea,Delano McMennum,4176 Alpine Parkway,80,9
Pomona Milkvetch,Pietra Ackwood,30248 Colorado Circle,12,8
Gypsywort,Alonso Radoux,4507 Bartelt Pass,71,5
Peruvian Ragweed,Agnella Koop,15 Hudson Circle,77,9
Remya,Doe Given,235 Knutson Junction,7,3
Glandular Speedwell,Kordula Baigent,4043 Maryland Drive,77,5
Entireleaved Thelypody,Stephi Knevit,07 Norway Maple Road,75,9
Sweet Fennel,Thomasina Alwell,4997 Mccormick Avenue,74,10
Slender Goldenbanner,Fedora Skerritt,6 La Follette Trail,3,4
Sunn Hemp,Franchot St Clair,1 Fulton Way,48,5
Globe Cactus,Evyn Benninger,57 Vernon Trail,70,3
Balsamscale Grass,Cad Hassey,70454 Boyd Pass,12,5
Sweet Yellowcrown,Eleanore Ferrelli,977 Dovetail Plaza,37,10
Parry's False Prairie-clover,Malissia Hitscher,766 Florence Avenue,10,9
Desert Dodder,Lon Shemwell,57973 Westport Park,17,9
Shortbeak Sedge,Lesli Sousa,50357 Bluejay Way,99,6
Phaeographis,Scotty Semerad,20 Summer Ridge Way,34,2
Ornduff's Goldfields,Aldrich Thirlwall,69785 Delaware Parkway,77,2
Jepson Ceanothus,Garrick Maffini,85849 Kennedy Pass,86,1
Barrier Range Wattle,Genny Enevoldsen,2555 Sunnyside Center,30,8
Sea-fern Grass,Carolyne Comini,51797 Loomis Pass,80,4
Blood Lichen,Pascale Duckfield,2232 Onsgard Center,87,7
Slender Myoporum,Silvie Yendall,96 Clemons Avenue,79,4
Crabseye Lichen,Tabbitha Pahler,97728 Judy Parkway,10,6
Cup Lichen,Drud Hayle,73 Mosinee Alley,60,10
Rydberg's Arnica,Ardis Gadman,2 International Center,2,2
Shasta Lily,Crosby Shallcrass,10528 Hoepker Alley,99,5
Bigroot Springparsley,Kipp Follis,541 Golden Leaf Avenue,73,9
Pyrenean Sedge,Levi O'Gorman,4 Ramsey Street,56,4
Tortula Moss,Jeralee Shipp,3301 Debra Road,0,4
